{"cameraMode":{"drawMode":0,"name":"Shaded","section":"Shading Mode"},"sceneLighting":false,"audioPlay":false,"sceneViewState":{"m_AlwaysRefresh":false,"showFog":true,"showSkybox":false,"showFlares":true,"showImageEffects":true,"showParticleSystems":true,"showVisualEffectGraphs":true,"m_FxEnabled":true},"in2DMode":false,"pivot":{"x":0.35525402426719668,"y":0.28376802802085879,"z":-2.917772054672241},"rotation":{"x":0.11649084091186524,"y":0.06401391327381134,"z":-0.007523613050580025,"w":0.9910991191864014},"size":0.5582911968231201,"orthographic":false}