{"cameraMode":{"drawMode":0,"name":"Shaded","section":"Shading Mode"},"sceneLighting":false,"audioPlay":false,"sceneViewState":{"m_AlwaysRefresh":false,"showFog":true,"showSkybox":false,"showFlares":true,"showImageEffects":true,"showParticleSystems":true,"showVisualEffectGraphs":true,"m_FxEnabled":true},"in2DMode":false,"pivot":{"x":2.970414876937866,"y":0.4204998016357422,"z":-0.11090198159217835},"rotation":{"x":0.26262328028678896,"y":-0.6894672513008118,"z":0.2992543876171112,"w":0.6050711870193481},"size":1.6489349603652955,"orthographic":false}